{"type":"internal","split":{"type":"continuous","featureIndex":5,"threshold":3.2961571079555236}}
{"type":"internal","split":{"type":"continuous","featureIndex":1,"threshold":5.003159302526116}}
{"type":"internal","split":{"type":"continuous","featureIndex":4,"threshold":1.4463650451651247}}
{"type":"internal","split":{"type":"continuous","featureIndex":1,"threshold":4.605354587340553}}
{"type":"internal","split":{"type":"continuous","featureIndex":7,"threshold":1.9573555063861723}}
{"type":"leaf","values":[-0.3594500271574341]}
{"type":"leaf","values":[-0.550216004353385]}
{"type":"internal","split":{"type":"continuous","featureIndex":7,"threshold":4.705982387694414}}
{"type":"leaf","values":[0.6001100476926446]}
{"type":"leaf","values":[-0.43819358104272066]}
{"type":"internal","split":{"type":"continuous","featureIndex":6,"threshold":0.37344174779205763}}
{"type":"leaf","values":[-2.87185647443167]}
{"type":"internal","split":{"type":"continuous","featureIndex":3,"threshold":1.6497675717880782}}
{"type":"leaf","values":[-0.5703825951055905]}
{"type":"leaf","values":[-1.05482754785664]}
{"type":"internal","split":{"type":"continuous","featureIndex":2,"threshold":4.02077032269772}}
{"type":"leaf","values":[0.6001100476926446]}
{"type":"leaf","values":[-0.43819358104272066]}
{"type":"internal","split":{"type":"continuous","featureIndex":1,"threshold":3.0753364520114657}}
{"type":"internal","split":{"type":"continuous","featureIndex":4,"threshold":1.152774528534592}}
{"type":"internal","split":{"type":"continuous","featureIndex":7,"threshold":3.6231899799063187}}
{"type":"internal","split":{"type":"continuous","featureIndex":7,"threshold":3.5398982562303116}}
{"type":"leaf","values":[-0.42792525458953107]}
{"type":"leaf","values":[-2.613774507536988]}
{"type":"internal","split":{"type":"continuous","featureIndex":5,"threshold":3.764325268471737}}
{"type":"leaf","values":[3.2358495930770386]}
{"type":"leaf","values":[-0.0660204348382102]}
{"type":"internal","split":{"type":"continuous","featureIndex":7,"threshold":1.9573555063861723}}
{"type":"leaf","values":[3.0381060776367397]}
{"type":"internal","split":{"type":"continuous","featureIndex":0,"threshold":0.44586142899898895}}
{"type":"leaf","values":[-0.5704963876281044]}
{"type":"leaf","values":[0.8261827446815003]}
{"type":"internal","split":{"type":"continuous","featureIndex":6,"threshold":1.5494171136088726}}
{"type":"internal","split":{"type":"continuous","featureIndex":2,"threshold":3.615994786855668}}
{"type":"internal","split":{"type":"continuous","featureIndex":7,"threshold":2.2905224010902017}}
{"type":"leaf","values":[-0.16865866648768324]}
{"type":"leaf","values":[0.716226691544026]}
{"type":"internal","split":{"type":"continuous","featureIndex":3,"threshold":1.6497675717880782}}
{"type":"leaf","values":[0.05168901193591863]}
{"type":"leaf","values":[-0.5804505453232423]}
{"type":"internal","split":{"type":"continuous","featureIndex":6,"threshold":1.6592528999605938}}
{"type":"internal","split":{"type":"continuous","featureIndex":7,"threshold":2.4571058484422164}}
{"type":"leaf","values":[2.3569964875175775]}
{"type":"leaf","values":[0.28455416577297293]}
{"type":"internal","split":{"type":"continuous","featureIndex":0,"threshold":1.9320661923289522}}
{"type":"leaf","values":[-0.007098256755079992]}
{"type":"leaf","values":[0.9621076252308519]}
