{"type":"internal","split":{"type":"continuous","featureIndex":5,"threshold":3.2961571079555236}}
{"type":"internal","split":{"type":"continuous","featureIndex":1,"threshold":5.003159302526116}}
{"type":"internal","split":{"type":"continuous","featureIndex":4,"threshold":1.4463650451651247}}
{"type":"internal","split":{"type":"continuous","featureIndex":1,"threshold":4.605354587340553}}
{"type":"internal","split":{"type":"continuous","featureIndex":7,"threshold":1.9573555063861723}}
{"type":"leaf","values":[-0.32742668157246424]}
{"type":"leaf","values":[-0.4997239120552589]}
{"type":"internal","split":{"type":"continuous","featureIndex":0,"threshold":0.14862047633299633}}
{"type":"leaf","values":[-0.4051496802845983]}
{"type":"leaf","values":[0.5414250371621875]}
{"type":"internal","split":{"type":"continuous","featureIndex":1,"threshold":4.3605516856878985}}
{"type":"internal","split":{"type":"continuous","featureIndex":3,"threshold":1.6497675717880782}}
{"type":"leaf","values":[-0.5180086590956993]}
{"type":"leaf","values":[-0.9005364719094116]}
{"type":"leaf","values":[-2.3561752893400882]}
{"type":"internal","split":{"type":"continuous","featureIndex":5,"threshold":2.9292145250112576}}
{"type":"leaf","values":[-0.4051496802845983]}
{"type":"leaf","values":[0.5414250371621875]}
{"type":"internal","split":{"type":"continuous","featureIndex":4,"threshold":1.2693472336673035}}
{"type":"internal","split":{"type":"continuous","featureIndex":4,"threshold":0.06476261396261752}}
{"type":"internal","split":{"type":"continuous","featureIndex":0,"threshold":0.7431023816649815}}
{"type":"internal","split":{"type":"continuous","featureIndex":1,"threshold":4.758356400873462}}
{"type":"leaf","values":[-0.35282634729423185]}
{"type":"leaf","values":[0.8038044897901663]}
{"type":"internal","split":{"type":"continuous","featureIndex":2,"threshold":4.695396215767808}}
{"type":"leaf","values":[0.30272217132649104]}
{"type":"leaf","values":[-0.38767068715009384]}
{"type":"internal","split":{"type":"continuous","featureIndex":3,"threshold":1.9610444721254514}}
{"type":"internal","split":{"type":"continuous","featureIndex":2,"threshold":4.911276501550235}}
{"type":"leaf","values":[-0.606998038037585]}
{"type":"leaf","values":[2.035215533042212]}
{"type":"internal","split":{"type":"continuous","featureIndex":6,"threshold":1.4395812836123247}}
{"type":"leaf","values":[-0.41864366076006326]}
{"type":"leaf","values":[0.5759978502182584]}
{"type":"internal","split":{"type":"continuous","featureIndex":2,"threshold":3.4810696082416506}}
{"type":"internal","split":{"type":"continuous","featureIndex":5,"threshold":4.662702103501164}}
{"type":"internal","split":{"type":"continuous","featureIndex":3,"threshold":2.521342892732723}}
{"type":"leaf","values":[0.7331343739445163]}
{"type":"leaf","values":[-1.3162463445522725]}
{"type":"internal","split":{"type":"continuous","featureIndex":0,"threshold":0.14862047633299633}}
{"type":"leaf","values":[0.9967455694964521]}
{"type":"leaf","values":[2.4570002770147785]}
{"type":"internal","split":{"type":"continuous","featureIndex":7,"threshold":4.122940321962362}}
{"type":"internal","split":{"type":"continuous","featureIndex":0,"threshold":1.0403433343309743}}
{"type":"leaf","values":[0.3180449039103368]}
{"type":"leaf","values":[-0.6771662832402958]}
{"type":"internal","split":{"type":"continuous","featureIndex":3,"threshold":1.6497675717880782}}
{"type":"leaf","values":[1.244077386005922]}
{"type":"leaf","values":[0.6498386628729022]}
