{"type":"internal","split":{"type":"continuous","featureIndex":1,"threshold":3.136537177424629}}
{"type":"internal","split":{"type":"continuous","featureIndex":7,"threshold":2.5403975721182235}}
{"type":"internal","split":{"type":"continuous","featureIndex":4,"threshold":0.7037537383937771}}
{"type":"internal","split":{"type":"continuous","featureIndex":6,"threshold":1.8818533897231626}}
{"type":"internal","split":{"type":"continuous","featureIndex":3,"threshold":1.8365337119905023}}
{"type":"leaf","values":[-0.3161143426067625]}
{"type":"leaf","values":[-0.35922907219101413]}
{"type":"internal","split":{"type":"continuous","featureIndex":0,"threshold":0.7431023816649815}}
{"type":"leaf","values":[-0.42006125272855505]}
{"type":"leaf","values":[-0.7633734190197558]}
{"type":"internal","split":{"type":"continuous","featureIndex":1,"threshold":2.4633291978798306}}
{"type":"leaf","values":[2.7406725638756964]}
{"type":"internal","split":{"type":"continuous","featureIndex":4,"threshold":1.2693472336673035}}
{"type":"leaf","values":[-0.3280245263051663]}
{"type":"leaf","values":[0.1601680455242347]}
{"type":"internal","split":{"type":"continuous","featureIndex":1,"threshold":2.9529350011851387}}
{"type":"internal","split":{"type":"continuous","featureIndex":0,"threshold":3.4182709556589153}}
{"type":"internal","split":{"type":"continuous","featureIndex":7,"threshold":2.706981019470238}}
{"type":"leaf","values":[0.3222531047858029]}
{"type":"leaf","values":[-0.40805910941873813]}
{"type":"internal","split":{"type":"continuous","featureIndex":5,"threshold":3.764325268471737}}
{"type":"leaf","values":[1.631386261875285]}
{"type":"leaf","values":[-0.6830939153165507]}
{"type":"internal","split":{"type":"continuous","featureIndex":1,"threshold":3.014135726598302}}
{"type":"internal","split":{"type":"continuous","featureIndex":0,"threshold":1.6348252396629595}}
{"type":"leaf","values":[2.4132039599091146]}
{"type":"leaf","values":[1.548662865852242]}
{"type":"internal","split":{"type":"continuous","featureIndex":1,"threshold":3.0753364520114657}}
{"type":"leaf","values":[-0.3497599241702254]}
{"type":"leaf","values":[0.6630946667100224]}
{"type":"internal","split":{"type":"continuous","featureIndex":6,"threshold":0.5608948400416613}}
{"type":"internal","split":{"type":"continuous","featureIndex":1,"threshold":4.054548058622082}}
{"type":"internal","split":{"type":"continuous","featureIndex":1,"threshold":3.870945882382591}}
{"type":"internal","split":{"type":"continuous","featureIndex":7,"threshold":4.122940321962362}}
{"type":"leaf","values":[-0.44574833786195583]}
{"type":"leaf","values":[1.5307258304383922]}
{"type":"internal","split":{"type":"continuous","featureIndex":1,"threshold":3.9321466077957545}}
{"type":"leaf","values":[-1.7909160381840872]}
{"type":"leaf","values":[-0.5743474097367418]}
{"type":"internal","split":{"type":"continuous","featureIndex":6,"threshold":0.47009723279839977}}
{"type":"internal","split":{"type":"continuous","featureIndex":5,"threshold":3.2961571079555236}}
{"type":"leaf","values":[-0.5507792345035742]}
{"type":"leaf","values":[0.8194191347417515]}
{"type":"internal","split":{"type":"continuous","featureIndex":5,"threshold":3.764325268471737}}
{"type":"leaf","values":[0.1715581520278983]}
{"type":"leaf","values":[-1.4235195314916063]}
{"type":"internal","split":{"type":"continuous","featureIndex":5,"threshold":5.238422342142984}}
{"type":"internal","split":{"type":"continuous","featureIndex":7,"threshold":2.7902727431462457}}
{"type":"internal","split":{"type":"continuous","featureIndex":0,"threshold":1.9320661923289522}}
{"type":"leaf","values":[-0.0009249045131086963]}
{"type":"leaf","values":[1.342175505406795]}
{"type":"internal","split":{"type":"continuous","featureIndex":7,"threshold":2.873564466822253}}
{"type":"leaf","values":[-1.1335897121539575]}
{"type":"leaf","values":[-0.054668023818254155]}
{"type":"internal","split":{"type":"continuous","featureIndex":7,"threshold":2.5403975721182235}}
{"type":"internal","split":{"type":"continuous","featureIndex":7,"threshold":1.7907720590341576}}
{"type":"leaf","values":[2.382294066992299]}
{"type":"leaf","values":[-0.01570589945195763]}
{"type":"internal","split":{"type":"continuous","featureIndex":4,"threshold":1.644970394650485}}
{"type":"leaf","values":[0.9186300065815919]}
{"type":"leaf","values":[0.5171851918332496]}
