{"type":"internal","split":{"type":"continuous","featureIndex":1,"threshold":4.20754987215499}}
{"type":"internal","split":{"type":"continuous","featureIndex":1,"threshold":3.411940441783865}}
{"type":"internal","split":{"type":"continuous","featureIndex":6,"threshold":1.8818533897231626}}
{"type":"internal","split":{"type":"continuous","featureIndex":2,"threshold":5.10017175160986}}
{"type":"internal","split":{"type":"continuous","featureIndex":0,"threshold":1.9320661923289522}}
{"type":"leaf","values":[-0.9337748344370861]}
{"type":"leaf","values":[-0.6774193548387096]}
{"type":"leaf","values":[1.0]}
{"type":"internal","split":{"type":"continuous","featureIndex":7,"threshold":3.0401479141742676}}
{"type":"internal","split":{"type":"continuous","featureIndex":0,"threshold":0.7431023816649815}}
{"type":"leaf","values":[-0.76]}
{"type":"leaf","values":[-0.2857142857142857]}
{"type":"internal","split":{"type":"continuous","featureIndex":2,"threshold":3.2651893224592223}}
{"type":"leaf","values":[-1.0]}
{"type":"leaf","values":[0.6363636363636364]}
{"type":"internal","split":{"type":"continuous","featureIndex":5,"threshold":3.3973825648572085}}
{"type":"internal","split":{"type":"continuous","featureIndex":0,"threshold":2.8237890503269303}}
{"type":"internal","split":{"type":"continuous","featureIndex":3,"threshold":1.6497675717880782}}
{"type":"leaf","values":[-1.0]}
{"type":"leaf","values":[-0.5]}
{"type":"internal","split":{"type":"continuous","featureIndex":2,"threshold":0.8095510716841048}}
{"type":"leaf","values":[1.0]}
{"type":"leaf","values":[-1.0]}
{"type":"internal","split":{"type":"continuous","featureIndex":5,"threshold":5.776183094781804}}
{"type":"internal","split":{"type":"continuous","featureIndex":7,"threshold":2.3738141247662092}}
{"type":"leaf","values":[-0.4090909090909091]}
{"type":"leaf","values":[0.07692307692307693]}
{"type":"leaf","values":[1.0]}
{"type":"internal","split":{"type":"continuous","featureIndex":1,"threshold":4.758356400873462}}
{"type":"internal","split":{"type":"continuous","featureIndex":0,"threshold":1.9320661923289522}}
{"type":"internal","split":{"type":"continuous","featureIndex":6,"threshold":1.9843667961374125}}
{"type":"internal","split":{"type":"continuous","featureIndex":6,"threshold":0.8728285003403419}}
{"type":"leaf","values":[-0.47368421052631576]}
{"type":"leaf","values":[0.3333333333333333]}
{"type":"leaf","values":[-1.0]}
{"type":"internal","split":{"type":"continuous","featureIndex":0,"threshold":3.715511908324908}}
{"type":"internal","split":{"type":"continuous","featureIndex":5,"threshold":3.941470059390212}}
{"type":"leaf","values":[0.3333333333333333]}
{"type":"leaf","values":[1.0]}
{"type":"leaf","values":[-1.0]}
{"type":"internal","split":{"type":"continuous","featureIndex":7,"threshold":5.2057327297504585}}
{"type":"internal","split":{"type":"continuous","featureIndex":5,"threshold":2.9292145250112576}}
{"type":"leaf","values":[-1.0]}
{"type":"internal","split":{"type":"continuous","featureIndex":2,"threshold":4.911276501550235}}
{"type":"leaf","values":[0.8]}
{"type":"leaf","values":[0.14285714285714285]}
{"type":"internal","split":{"type":"continuous","featureIndex":2,"threshold":4.371575787094166}}
{"type":"leaf","values":[-1.0]}
{"type":"leaf","values":[1.0]}
