{"type":"internal","split":{"type":"continuous","featureIndex":1,"threshold":3.0753364520114657}}
{"type":"internal","split":{"type":"continuous","featureIndex":3,"threshold":1.6497675717880782}}
{"type":"internal","split":{"type":"continuous","featureIndex":5,"threshold":4.143921093863845}}
{"type":"internal","split":{"type":"continuous","featureIndex":5,"threshold":4.0426955162918965}}
{"type":"internal","split":{"type":"continuous","featureIndex":4,"threshold":1.2693472336673035}}
{"type":"leaf","values":[-0.4447609687798474]}
{"type":"leaf","values":[0.6221782288874422]}
{"type":"internal","split":{"type":"continuous","featureIndex":1,"threshold":2.861133913065393}}
{"type":"leaf","values":[-0.490974438838624]}
{"type":"leaf","values":[3.445194786554105]}
{"type":"internal","split":{"type":"continuous","featureIndex":4,"threshold":0.5742285104685421}}
{"type":"internal","split":{"type":"continuous","featureIndex":0,"threshold":1.337584286996967}}
{"type":"leaf","values":[-0.43818324418245336]}
{"type":"leaf","values":[-0.8853603501412534]}
{"type":"internal","split":{"type":"continuous","featureIndex":0,"threshold":1.6348252396629595}}
{"type":"leaf","values":[-1.9900563404154845]}
{"type":"leaf","values":[-2.4208443789199032]}
{"type":"internal","split":{"type":"continuous","featureIndex":7,"threshold":4.122940321962362}}
{"type":"internal","split":{"type":"continuous","featureIndex":2,"threshold":2.86041378661717}}
{"type":"internal","split":{"type":"continuous","featureIndex":0,"threshold":1.0403433343309743}}
{"type":"leaf","values":[3.5674230962977123]}
{"type":"leaf","values":[-0.418256704524369]}
{"type":"internal","split":{"type":"continuous","featureIndex":6,"threshold":1.8818533897231626}}
{"type":"leaf","values":[-0.4100148913738808]}
{"type":"leaf","values":[0.2738870423921821]}
{"type":"internal","split":{"type":"continuous","featureIndex":1,"threshold":2.769332824945648}}
{"type":"leaf","values":[0.9035891381305033]}
{"type":"leaf","values":[3.409694448178237]}
{"type":"internal","split":{"type":"continuous","featureIndex":5,"threshold":3.2961571079555236}}
{"type":"internal","split":{"type":"continuous","featureIndex":3,"threshold":1.0894691511808063}}
{"type":"internal","split":{"type":"continuous","featureIndex":1,"threshold":4.605354587340553}}
{"type":"internal","split":{"type":"continuous","featureIndex":2,"threshold":3.40011450107324}}
{"type":"leaf","values":[-0.06016332822272822]}
{"type":"leaf","values":[-0.4606083843254441]}
{"type":"internal","split":{"type":"continuous","featureIndex":5,"threshold":2.9292145250112576}}
{"type":"leaf","values":[-0.3765841318352991]}
{"type":"leaf","values":[0.49270389298585215]}
{"type":"internal","split":{"type":"continuous","featureIndex":6,"threshold":0.37344174779205763}}
{"type":"leaf","values":[-1.8888934490201499]}
{"type":"internal","split":{"type":"continuous","featureIndex":0,"threshold":2.8237890503269303}}
{"type":"leaf","values":[-0.5544616293621367]}
{"type":"leaf","values":[0.49270389298585293]}
{"type":"internal","split":{"type":"continuous","featureIndex":6,"threshold":1.00316701161974}}
{"type":"internal","split":{"type":"continuous","featureIndex":0,"threshold":1.6348252396629595}}
{"type":"internal","split":{"type":"continuous","featureIndex":2,"threshold":5.10017175160986}}
{"type":"leaf","values":[-0.32921683900287657]}
{"type":"leaf","values":[1.0236618429624584]}
{"type":"internal","split":{"type":"continuous","featureIndex":0,"threshold":2.5265480976609376}}
{"type":"leaf","values":[0.6446100773944892]}
{"type":"leaf","values":[-0.44718171239653665]}
{"type":"internal","split":{"type":"continuous","featureIndex":0,"threshold":1.9320661923289522}}
{"type":"internal","split":{"type":"continuous","featureIndex":6,"threshold":1.0968935795669554}}
{"type":"leaf","values":[1.3275772863109914]}
{"type":"leaf","values":[0.036003891725149006]}
{"type":"internal","split":{"type":"continuous","featureIndex":7,"threshold":2.623689295794231}}
{"type":"leaf","values":[2.835931281454711]}
{"type":"leaf","values":[0.4788642946880502]}
