{"type":"internal","split":{"type":"continuous","featureIndex":1,"threshold":3.9321466077957545}}
{"type":"internal","split":{"type":"continuous","featureIndex":6,"threshold":1.5494171136088726}}
{"type":"internal","split":{"type":"continuous","featureIndex":4,"threshold":0.7901038903439338}}
{"type":"internal","split":{"type":"continuous","featureIndex":2,"threshold":4.155695501311738}}
{"type":"internal","split":{"type":"continuous","featureIndex":5,"threshold":3.5998337200011044}}
{"type":"leaf","values":[-0.35109270347091065]}
{"type":"leaf","values":[0.17452212713060958]}
{"type":"internal","split":{"type":"continuous","featureIndex":7,"threshold":3.123439637850275}}
{"type":"leaf","values":[-0.07574076425416772]}
{"type":"leaf","values":[-0.8543776266637755]}
{"type":"internal","split":{"type":"continuous","featureIndex":0,"threshold":2.8237890503269303}}
{"type":"internal","split":{"type":"continuous","featureIndex":1,"threshold":3.411940441783865}}
{"type":"leaf","values":[-0.4345226191687539]}
{"type":"leaf","values":[-1.1101524257334363]}
{"type":"internal","split":{"type":"continuous","featureIndex":0,"threshold":3.121030002992923}}
{"type":"leaf","values":[2.1194847534222734]}
{"type":"leaf","values":[-0.6681614426961815]}
{"type":"internal","split":{"type":"continuous","featureIndex":3,"threshold":1.7742783319230275}}
{"type":"internal","split":{"type":"continuous","featureIndex":1,"threshold":3.717944068849682}}
{"type":"internal","split":{"type":"continuous","featureIndex":5,"threshold":3.8908572102691066}}
{"type":"leaf","values":[-0.11588350760883798]}
{"type":"leaf","values":[-0.8038369806401859]}
{"type":"internal","split":{"type":"continuous","featureIndex":2,"threshold":3.2651893224592223}}
{"type":"leaf","values":[-1.238136999436784]}
{"type":"leaf","values":[1.3367986502475715]}
{"type":"internal","split":{"type":"continuous","featureIndex":3,"threshold":2.8948751731375713}}
{"type":"internal","split":{"type":"continuous","featureIndex":2,"threshold":4.02077032269772}}
{"type":"leaf","values":[0.28425566624128473]}
{"type":"leaf","values":[1.147179592083571]}
{"type":"internal","split":{"type":"continuous","featureIndex":1,"threshold":3.656743343436519}}
{"type":"leaf","values":[-0.20037763751008644]}
{"type":"leaf","values":[-2.2615214362444354]}
{"type":"internal","split":{"type":"continuous","featureIndex":5,"threshold":4.3337190065599}}
{"type":"internal","split":{"type":"continuous","featureIndex":4,"threshold":2.3141840722641995}}
{"type":"internal","split":{"type":"continuous","featureIndex":6,"threshold":2.1088474296537303}}
{"type":"internal","split":{"type":"continuous","featureIndex":5,"threshold":4.20718706476253}}
{"type":"leaf","values":[-0.20568625873969631]}
{"type":"leaf","values":[-1.3551669907514285]}
{"type":"internal","split":{"type":"continuous","featureIndex":1,"threshold":4.054548058622082}}
{"type":"leaf","values":[1.957648535255627]}
{"type":"leaf","values":[0.346120059290019]}
{"type":"internal","split":{"type":"continuous","featureIndex":6,"threshold":1.00316701161974}}
{"type":"internal","split":{"type":"continuous","featureIndex":3,"threshold":1.7120229518555528}}
{"type":"leaf","values":[1.8687400309017197]}
{"type":"leaf","values":[0.9160864440738128]}
{"type":"internal","split":{"type":"continuous","featureIndex":7,"threshold":1.9573555063861723}}
{"type":"leaf","values":[-0.42316392263845753]}
{"type":"leaf","values":[0.443822311248334]}
{"type":"internal","split":{"type":"continuous","featureIndex":1,"threshold":4.3605516856878985}}
{"type":"internal","split":{"type":"continuous","featureIndex":2,"threshold":0.8095510716841048}}
{"type":"leaf","values":[-2.2261827672929106]}
{"type":"internal","split":{"type":"continuous","featureIndex":2,"threshold":3.8318750726380957}}
{"type":"leaf","values":[1.769518941807898]}
{"type":"leaf","values":[0.8125633535532424]}
{"type":"internal","split":{"type":"continuous","featureIndex":2,"threshold":5.10017175160986}}
{"type":"internal","split":{"type":"continuous","featureIndex":3,"threshold":2.396832132597774}}
{"type":"leaf","values":[0.2965291340830158]}
{"type":"leaf","values":[-0.3140618600265342]}
{"type":"internal","split":{"type":"continuous","featureIndex":4,"threshold":0.06476261396261752}}
{"type":"leaf","values":[1.7113842986859515]}
{"type":"leaf","values":[1.1872563550935853]}
