{"type":"internal","split":{"type":"continuous","featureIndex":1,"threshold":3.136537177424629}}
{"type":"internal","split":{"type":"continuous","featureIndex":7,"threshold":2.5403975721182235}}
{"type":"internal","split":{"type":"continuous","featureIndex":4,"threshold":0.7037537383937771}}
{"type":"internal","split":{"type":"continuous","featureIndex":6,"threshold":1.8818533897231626}}
{"type":"internal","split":{"type":"continuous","featureIndex":3,"threshold":1.8365337119905023}}
{"type":"leaf","values":[-0.35670832956698023]}
{"type":"leaf","values":[-0.4100070951561602]}
{"type":"internal","split":{"type":"continuous","featureIndex":0,"threshold":0.7431023816649815}}
{"type":"leaf","values":[-0.5003329162485305]}
{"type":"leaf","values":[-1.0010442514445608]}
{"type":"internal","split":{"type":"continuous","featureIndex":1,"threshold":2.4633291978798306}}
{"type":"leaf","values":[3.202202890542646]}
{"type":"internal","split":{"type":"continuous","featureIndex":4,"threshold":1.2693472336673035}}
{"type":"leaf","values":[-0.37341660348844136]}
{"type":"leaf","values":[0.26019208921200193]}
{"type":"internal","split":{"type":"continuous","featureIndex":1,"threshold":2.9529350011851387}}
{"type":"internal","split":{"type":"continuous","featureIndex":7,"threshold":2.706981019470238}}
{"type":"internal","split":{"type":"continuous","featureIndex":1,"threshold":2.861133913065393}}
{"type":"leaf","values":[-0.006748316885904248]}
{"type":"leaf","values":[2.835711057467042]}
{"type":"internal","split":{"type":"continuous","featureIndex":0,"threshold":3.4182709556589153}}
{"type":"leaf","values":[-0.47900495174131774]}
{"type":"leaf","values":[0.5172870749426317]}
{"type":"internal","split":{"type":"continuous","featureIndex":1,"threshold":3.014135726598302}}
{"type":"internal","split":{"type":"continuous","featureIndex":0,"threshold":1.6348252396629595}}
{"type":"leaf","values":[2.9407541538427844]}
{"type":"leaf","values":[2.118444093251147]}
{"type":"internal","split":{"type":"continuous","featureIndex":1,"threshold":3.0753364520114657}}
{"type":"leaf","values":[-0.3967740145646497]}
{"type":"leaf","values":[0.9298845604738185]}
{"type":"internal","split":{"type":"continuous","featureIndex":6,"threshold":0.5608948400416613}}
{"type":"internal","split":{"type":"continuous","featureIndex":7,"threshold":3.123439637850275}}
{"type":"internal","split":{"type":"continuous","featureIndex":0,"threshold":2.229307144994945}}
{"type":"internal","split":{"type":"continuous","featureIndex":0,"threshold":0.7431023816649815}}
{"type":"leaf","values":[-0.8250994989951809]}
{"type":"leaf","values":[-0.0966682748146345]}
{"type":"leaf","values":[-2.4286680282972117]}
{"type":"internal","split":{"type":"continuous","featureIndex":4,"threshold":0.8850890574891062}}
{"type":"internal","split":{"type":"continuous","featureIndex":3,"threshold":0.21789383023616127}}
{"type":"leaf","values":[0.19747590387438482]}
{"type":"leaf","values":[-1.2276497858997881]}
{"type":"internal","split":{"type":"continuous","featureIndex":1,"threshold":4.3605516856878985}}
{"type":"leaf","values":[1.5960347302273663]}
{"type":"leaf","values":[0.5583915415370382]}
{"type":"internal","split":{"type":"continuous","featureIndex":5,"threshold":3.207584652161154}}
{"type":"internal","split":{"type":"continuous","featureIndex":6,"threshold":2.2260055959429224}}
{"type":"internal","split":{"type":"continuous","featureIndex":6,"threshold":1.9843667961374125}}
{"type":"leaf","values":[-0.25515956107946525]}
{"type":"leaf","values":[0.7156146742824546]}
{"type":"internal","split":{"type":"continuous","featureIndex":1,"threshold":3.3201393536641195}}
{"type":"leaf","values":[-0.8755800166199025]}
{"type":"leaf","values":[-0.37555216744734526]}
{"type":"internal","split":{"type":"continuous","featureIndex":2,"threshold":3.615994786855668}}
{"type":"internal","split":{"type":"continuous","featureIndex":6,"threshold":0.7410255741762075}}
{"type":"leaf","values":[1.5104941974230754]}
{"type":"leaf","values":[0.16511602533696756]}
{"type":"internal","split":{"type":"continuous","featureIndex":6,"threshold":0.7410255741762075}}
{"type":"leaf","values":[-0.37844731446838936]}
{"type":"leaf","values":[0.08722637622556981]}
