{"type":"internal","split":{"type":"continuous","featureIndex":1,"threshold":3.136537177424629}}
{"type":"internal","split":{"type":"continuous","featureIndex":7,"threshold":2.5403975721182235}}
{"type":"internal","split":{"type":"continuous","featureIndex":4,"threshold":1.2693472336673035}}
{"type":"internal","split":{"type":"continuous","featureIndex":6,"threshold":1.8818533897231626}}
{"type":"internal","split":{"type":"continuous","featureIndex":2,"threshold":2.86041378661717}}
{"type":"leaf","values":[-0.14163096569818975]}
{"type":"leaf","values":[-0.33972993083950015]}
{"type":"internal","split":{"type":"continuous","featureIndex":0,"threshold":1.6348252396629595}}
{"type":"leaf","values":[-0.49094793883814236]}
{"type":"leaf","values":[-1.1580602509060869]}
{"type":"internal","split":{"type":"continuous","featureIndex":4,"threshold":1.4463650451651247}}
{"type":"leaf","values":[1.5096986827850225]}
{"type":"internal","split":{"type":"continuous","featureIndex":2,"threshold":3.184234215290812}}
{"type":"leaf","values":[-0.37401556640339106]}
{"type":"leaf","values":[-0.44162824410065915]}
{"type":"internal","split":{"type":"continuous","featureIndex":1,"threshold":3.0753364520114657}}
{"type":"internal","split":{"type":"continuous","featureIndex":7,"threshold":2.706981019470238}}
{"type":"internal","split":{"type":"continuous","featureIndex":0,"threshold":0.44586142899898895}}
{"type":"leaf","values":[-0.5380035391565217]}
{"type":"leaf","values":[0.7706789553145871]}
{"type":"internal","split":{"type":"continuous","featureIndex":3,"threshold":1.6497675717880782}}
{"type":"leaf","values":[-0.5223999656498282]}
{"type":"leaf","values":[0.06859824590560216]}
{"type":"internal","split":{"type":"continuous","featureIndex":0,"threshold":1.9320661923289522}}
{"type":"leaf","values":[2.728022444740839]}
{"type":"internal","split":{"type":"continuous","featureIndex":0,"threshold":2.229307144994945}}
{"type":"leaf","values":[-0.7086801028172303]}
{"type":"leaf","values":[0.43512637502229967]}
{"type":"internal","split":{"type":"continuous","featureIndex":5,"threshold":3.2961571079555236}}
{"type":"internal","split":{"type":"continuous","featureIndex":3,"threshold":1.0894691511808063}}
{"type":"internal","split":{"type":"continuous","featureIndex":2,"threshold":3.4810696082416506}}
{"type":"internal","split":{"type":"continuous","featureIndex":6,"threshold":1.1627950426490226}}
{"type":"leaf","values":[-0.23623299572749062]}
{"type":"leaf","values":[0.610706913804827]}
{"type":"internal","split":{"type":"continuous","featureIndex":1,"threshold":4.605354587340553}}
{"type":"leaf","values":[-0.37660904281805235]}
{"type":"leaf","values":[0.2714245710203409]}
{"type":"internal","split":{"type":"continuous","featureIndex":0,"threshold":2.8237890503269303}}
{"type":"internal","split":{"type":"continuous","featureIndex":1,"threshold":4.3605516856878985}}
{"type":"leaf","values":[-0.4705238547201053]}
{"type":"leaf","values":[-1.2901280323244375]}
{"type":"leaf","values":[0.4415482345419779]}
{"type":"internal","split":{"type":"continuous","featureIndex":6,"threshold":1.5494171136088726}}
{"type":"internal","split":{"type":"continuous","featureIndex":2,"threshold":3.615994786855668}}
{"type":"internal","split":{"type":"continuous","featureIndex":7,"threshold":2.2905224010902017}}
{"type":"leaf","values":[-0.1458342890739387]}
{"type":"leaf","values":[0.5083147771855783]}
{"type":"internal","split":{"type":"continuous","featureIndex":7,"threshold":3.373314808878297}}
{"type":"leaf","values":[-0.3426279503002302]}
{"type":"leaf","values":[0.15331795758315966]}
{"type":"internal","split":{"type":"continuous","featureIndex":6,"threshold":1.6592528999605938}}
{"type":"internal","split":{"type":"continuous","featureIndex":7,"threshold":2.4571058484422164}}
{"type":"leaf","values":[1.7363399578456145]}
{"type":"leaf","values":[0.2395116662845062]}
{"type":"internal","split":{"type":"continuous","featureIndex":0,"threshold":1.9320661923289522}}
{"type":"leaf","values":[-0.042450307263487065]}
{"type":"leaf","values":[0.6312504490453308]}
