{"type":"internal","split":{"type":"continuous","featureIndex":1,"threshold":3.136537177424629}}
{"type":"internal","split":{"type":"continuous","featureIndex":7,"threshold":2.5403975721182235}}
{"type":"internal","split":{"type":"continuous","featureIndex":4,"threshold":1.2693472336673035}}
{"type":"internal","split":{"type":"continuous","featureIndex":6,"threshold":1.8818533897231626}}
{"type":"internal","split":{"type":"continuous","featureIndex":2,"threshold":2.86041378661717}}
{"type":"leaf","values":[-0.1414515691424337]}
{"type":"leaf","values":[-0.38983552591166626]}
{"type":"internal","split":{"type":"continuous","featureIndex":0,"threshold":0.7431023816649815}}
{"type":"leaf","values":[-0.5466048559822893]}
{"type":"leaf","values":[-1.1854084647898897]}
{"type":"internal","split":{"type":"continuous","featureIndex":4,"threshold":1.4463650451651247}}
{"type":"leaf","values":[1.939454116004093]}
{"type":"internal","split":{"type":"continuous","featureIndex":0,"threshold":0.14862047633299633}}
{"type":"leaf","values":[-0.4573601544015376]}
{"type":"leaf","values":[-0.38238395795574814]}
{"type":"internal","split":{"type":"continuous","featureIndex":1,"threshold":3.0753364520114657}}
{"type":"internal","split":{"type":"continuous","featureIndex":7,"threshold":2.706981019470238}}
{"type":"internal","split":{"type":"continuous","featureIndex":0,"threshold":0.44586142899898895}}
{"type":"leaf","values":[-0.612176992757186]}
{"type":"leaf","values":[1.0599654340878049]}
{"type":"internal","split":{"type":"continuous","featureIndex":3,"threshold":1.6497675717880782}}
{"type":"leaf","values":[-0.6221674861729393]}
{"type":"leaf","values":[0.0789274246374753]}
{"type":"internal","split":{"type":"continuous","featureIndex":0,"threshold":1.9320661923289522}}
{"type":"leaf","values":[3.337204311459362]}
{"type":"internal","split":{"type":"continuous","featureIndex":0,"threshold":2.229307144994945}}
{"type":"leaf","values":[-0.6800067652974512]}
{"type":"leaf","values":[0.5653633518271506]}
{"type":"internal","split":{"type":"continuous","featureIndex":6,"threshold":0.9533747669421784}}
{"type":"internal","split":{"type":"continuous","featureIndex":2,"threshold":5.235096930223877}}
{"type":"internal","split":{"type":"continuous","featureIndex":2,"threshold":3.615994786855668}}
{"type":"internal","split":{"type":"continuous","featureIndex":6,"threshold":0.757134792580713}}
{"type":"leaf","values":[0.3292183232930463]}
{"type":"leaf","values":[-0.6091944540304994]}
{"type":"internal","split":{"type":"continuous","featureIndex":2,"threshold":3.723934929746882}}
{"type":"leaf","values":[-1.2403160915252027]}
{"type":"leaf","values":[-0.23501511925178015]}
{"type":"internal","split":{"type":"continuous","featureIndex":1,"threshold":4.054548058622082}}
{"type":"internal","split":{"type":"continuous","featureIndex":0,"threshold":2.5265480976609376}}
{"type":"leaf","values":[0.49771394551135234]}
{"type":"leaf","values":[-1.7805211994739514]}
{"type":"internal","split":{"type":"continuous","featureIndex":5,"threshold":5.466179740842039}}
{"type":"leaf","values":[1.4564128841123811]}
{"type":"leaf","values":[0.38024546506262347]}
{"type":"internal","split":{"type":"continuous","featureIndex":5,"threshold":5.238422342142984}}
{"type":"internal","split":{"type":"continuous","featureIndex":1,"threshold":3.2283382655443744}}
{"type":"internal","split":{"type":"continuous","featureIndex":5,"threshold":4.143921093863845}}
{"type":"leaf","values":[-0.21064097606101928]}
{"type":"leaf","values":[2.9916415883949554]}
{"type":"internal","split":{"type":"continuous","featureIndex":0,"threshold":1.9320661923289522}}
{"type":"leaf","values":[-0.05766884303682616]}
{"type":"leaf","values":[0.2462622768108208]}
{"type":"internal","split":{"type":"continuous","featureIndex":7,"threshold":1.7907720590341576}}
{"type":"leaf","values":[2.9062581675752512]}
{"type":"internal","split":{"type":"continuous","featureIndex":1,"threshold":3.717944068849682}}
{"type":"leaf","values":[-0.42661895062526783]}
{"type":"leaf","values":[0.7106663156023628]}
