{"type":"internal","split":{"type":"continuous","featureIndex":5,"threshold":3.2961571079555236}}
{"type":"internal","split":{"type":"continuous","featureIndex":1,"threshold":5.003159302526116}}
{"type":"internal","split":{"type":"continuous","featureIndex":4,"threshold":1.4463650451651247}}
{"type":"internal","split":{"type":"continuous","featureIndex":1,"threshold":4.605354587340553}}
{"type":"internal","split":{"type":"continuous","featureIndex":7,"threshold":1.9573555063861723}}
{"type":"leaf","values":[-0.39663547835570445]}
{"type":"leaf","values":[-0.610764613990761]}
{"type":"internal","split":{"type":"continuous","featureIndex":7,"threshold":4.705982387694414}}
{"type":"leaf","values":[0.6719264594643021]}
{"type":"leaf","values":[-0.4768116880884703]}
{"type":"internal","split":{"type":"continuous","featureIndex":1,"threshold":4.3605516856878985}}
{"type":"internal","split":{"type":"continuous","featureIndex":3,"threshold":1.6497675717880782}}
{"type":"leaf","values":[-0.633540098661455]}
{"type":"leaf","values":[-1.2596973524142876]}
{"type":"leaf","values":[-3.3280735405356987]}
{"type":"internal","split":{"type":"continuous","featureIndex":2,"threshold":4.02077032269772}}
{"type":"leaf","values":[0.6719264594643021]}
{"type":"leaf","values":[-0.4768116880884703]}
{"type":"internal","split":{"type":"continuous","featureIndex":4,"threshold":1.2693472336673035}}
{"type":"internal","split":{"type":"continuous","featureIndex":4,"threshold":0.06476261396261752}}
{"type":"internal","split":{"type":"continuous","featureIndex":1,"threshold":2.861133913065393}}
{"type":"internal","split":{"type":"continuous","featureIndex":6,"threshold":2.448606172995145}}
{"type":"leaf","values":[-0.44221725329159606]}
{"type":"leaf","values":[2.556370980651405]}
{"type":"internal","split":{"type":"continuous","featureIndex":2,"threshold":4.4795159299853795}}
{"type":"leaf","values":[0.33235823620533417]}
{"type":"leaf","values":[-0.23352107318323306]}
{"type":"internal","split":{"type":"continuous","featureIndex":3,"threshold":1.5875121917206036}}
{"type":"internal","split":{"type":"continuous","featureIndex":7,"threshold":2.7902727431462457}}
{"type":"leaf","values":[-0.6863880518156888]}
{"type":"leaf","values":[-3.1925825256541622]}
{"type":"internal","split":{"type":"continuous","featureIndex":5,"threshold":3.5998337200011044}}
{"type":"leaf","values":[1.6814425486164748]}
{"type":"leaf","values":[-0.36487608915913616]}
{"type":"internal","split":{"type":"continuous","featureIndex":2,"threshold":3.615994786855668}}
{"type":"internal","split":{"type":"continuous","featureIndex":6,"threshold":0.7410255741762075}}
{"type":"internal","split":{"type":"continuous","featureIndex":0,"threshold":0.14862047633299633}}
{"type":"leaf","values":[1.8464565737494374]}
{"type":"leaf","values":[2.8823425536581304]}
{"type":"internal","split":{"type":"continuous","featureIndex":5,"threshold":4.662702103501164}}
{"type":"leaf","values":[0.5358452227484085]}
{"type":"leaf","values":[1.8495728864742484]}
{"type":"internal","split":{"type":"continuous","featureIndex":6,"threshold":0.8728285003403419}}
{"type":"internal","split":{"type":"continuous","featureIndex":1,"threshold":5.247962204178769}}
{"type":"leaf","values":[-1.2775556366523286]}
{"type":"leaf","values":[0.6719264594643022]}
{"type":"internal","split":{"type":"continuous","featureIndex":6,"threshold":1.0968935795669554}}
{"type":"leaf","values":[1.4646272560442344]}
{"type":"leaf","values":[0.19895592480909405]}
